feature,importance
nifty_ret,0.026608721260933253
eem_macd,0.01704403534361961
metal_macd,0.01641676900728091
pcr_ret,0.01599179667362702
us10y_rsi,0.015754856187990374
bank_nifty_ret,0.014305128917162449
pcr,0.014187629495970761
hsi_macd,0.013537836214661684
dxy_rsi,0.013287170923855876
shanghai_macd,0.012672576393212013
infy_ret,0.012495248245194034
nikkei_macd,0.012041947123055636
itc_macd,0.011604160077558299
fmcg_macd,0.011495759483018154
yield_spread,0.010715018947917022
epi_ret,0.010431491855101116
metal_adx,0.010394008002051371
usvix_wr,0.010376360045855383
pharma_adx,0.010374943148221415
rel_ret,0.010277017316160464
dxy_ret,0.009994489542623846
inda_adx,0.009940934809650626
auto_adx,0.0097001808428291
natgas_macd,0.009492725121196425
fmcg_adx,0.009190323440210408
rel_macd,0.008962596354987149
usvix_rsi,0.00888080123156204
itc_rsi,0.008834124752874465
dxy_macd,0.008689409595590258
us10y_macd,0.008669094661882216
tcs_adx,0.00860728247614355
bn_macd,0.008591281898229716
hdfc_ret,0.008432350830206534
shanghai_rsi,0.008362541327552724
epi_adx,0.008262108526036751
auto_rsi,0.007986599421957058
pharma_macd,0.0078062905143215745
silver_macd,0.007696435793058783
pharma_wr,0.00767453110694817
vix_ret,0.0076690423966377375
natgas_rsi,0.007545514453067483
shanghai_ret,0.007506584998851385
auto_macd,0.007493207771655136
gold_rsi,0.0073477841519703465
usdinr_vel,0.0073035431950561214
hsi_rsi,0.007258631587532059
auto_ret,0.007244490089519092
crude_macd,0.007109153596592205
epi_wr,0.0070939219786824315
energy_macd,0.007045704718621135
gold_adx,0.006941784755867048
inda_wr,0.006836998294428179
crude_wr,0.006831572608554559
it_ret,0.006777349721302865
copper_rsi,0.006743622837074629
fmcg_rsi,0.006711237861111931
atr10,0.0067062043545494075
inda_ret,0.006703331956175479
infy_adx,0.006662011529509801
icici_macd,0.006638547798986726
vix,0.006606791234627098
natgas_ret,0.006573824038795803
kc_width,0.006505340343656671
hsi_ret,0.006487982637242213
sp500_ret,0.00642803406681685
metal_ret,0.0064128191925103386
infra_adx,0.006335340991537711
infra_macd,0.006307816859517268
pharma_ret,0.006264712561389794
infy_macd,0.006252987294182233
energy_rsi,0.0062369170941780835
silver_rsi,0.006231333242857101
hdfc_macd,0.006093911817082141
usvix_ret,0.005984765190225141
ndx_macd,0.00594895010765984
icici_ret,0.005894224079869699
inda_rsi,0.005885710536401465
nikkei_rsi,0.00579027616771683
us10y_ret,0.005781192025999919
tcs_rsi,0.005724752447847229
tcs_wr,0.0057122814487819695
usvix_adx,0.005688259544523618
eem_wr,0.005682612362234807
gold_ret,0.00568164089773432
itc_adx,0.005675941599657886
nikkei_ret,0.005646149896207298
eem_ret,0.005620355611522509
fmcg_wr,0.0056111615191518725
ndx_ret,0.005592239326261122
bn_rsi,0.005572427340200629
infy_rsi,0.005558148596201994
infra_ret,0.005441328104366932
tcs_macd,0.005333331867750642
inda_macd,0.005328998620208915
it_adx,0.005187714963648493
usdinr_ret,0.005125249662623821
sp500_vix_ratio,0.00509467126993155
hdfc_adx,0.0050907441074881776
gold_wr,0.005063055738460157
metal_rsi,0.005059847616110833
rel_wr,0.005054778947658215
atr5,0.005008619212492588
rel_rsi,0.004996884969111338
usvix_macd,0.004995025445071956
crude_ret,0.004990154006810158
ndx_rsi,0.0048982044142275236
energy_adx,0.004871019735731525
metal_wr,0.004860029153894031
fmcg_ret,0.004797051558873819
rel_adx,0.00477902129693694
tcs_ret,0.0047650541397245005
macd_hist,0.004756510887100371
icici_rsi,0.004732695016926453
it_rsi,0.004701376037366732
pharma_rsi,0.004666494631720993
energy_wr,0.004662935171450411
energy_ret,0.004632791878254679
adx,0.004587814260881769
bn_vs_nifty,0.004569461524007328
itc_wr,0.004407457413328373
silver_ret,0.004392831156918489
icici_wr,0.0043222406538289924
epi_macd,0.004319525307670118
copper_macd,0.004190509926791258
hdfc_wr,0.004105827330095191
copper_ret,0.0040588815346739235
itc_ret,0.003999029532097479
crude_rsi,0.003985070930594257
pe_ratio,0.003962899882353466
eem_adx,0.0036550254798556002
infra_rsi,0.0036415283117031336
hdfc_rsi,0.0036377871286922274
eem_rsi,0.0035899936652761372
crude_adx,0.003547124448029947
infy_wr,0.003464079407122203
it_macd,0.003358639833196722
epi_rsi,0.0032246145239135373
it_wr,0.003145800004694488
gold_macd,0.0031329485514516955
infra_wr,0.003036118169634212
auto_wr,0.0029899880529160585
ema_20_dist,0.002907101888828947
rsi,0.002612198242063226
icici_adx,0.002535624868978999
williams_r,0.0019805718778151686
